INSERT INTO Estadios (id_Estadio, nombre_Estadio, capacidad, ubicacion)
VALUES
(1, 'Estadio Azteca', 83000, 'Calzada de Tlalpan 3465, Sta. Úrsula Coapa, Coyoacán, 04650 Ciudad de México, CDMX'),
(2, 'Estadio Corregidora', 34000, 'Avenidas de las Torres S/N, Centro Sur, 76090 Santiago de Querétaro, Qro.'),
(3, 'Estadio Hidalgo', 30000, '2da B Juárez 102, Los Jales, Ex Hacienda de Coscotitlán, 42064 Pachuca de Soto, Hgo.'),
(4, 'Estadio Jalisco', 55000, 'C. Siete Colinas 1772, Independencia, 44290 Guadalajara, Jal.');

-- Insertar datos para la tabla SeccionesEstadio
INSERT INTO SeccionesEstadio (id_Estadio, nombre_Seccion, capacidad_Seccion, num_asiento)
VALUES
(1, 'Cabecera Local', 20750, 'CLA1'),
(1, 'Lateral Visita', 12450, 'LLV1'),
(1, 'Lateral Visita', 12450, 'LLV2'),
(1, 'Lateral Visita', 12450, 'LLV3'),
( 1, 'Cabecera Local', 20750, 'CLA3'),
(1, 'Cabecera Local', 20750, 'CLA6'),
(1, 'Cabecera Local', 20750, 'CLA7'),
( 1, 'Lateral Local', 20750, 'LLC12600'),
( 1, 'Lateral Local', 20750, 'LLC12601'),
( 1, 'Lateral Local', 20750, 'LLC12602'),
( 1, 'Lateral Local', 20750, 'LLC12603'),
( 1, 'Lateral Local', 20750, 'LLC12604'),
( 1, 'Lateral Local', 20750, 'LLC12605'),
( 1, 'Lateral Local', 20750, 'LLC12606'),
( 1, 'Lateral Local', 20750, 'LLC12607'),
( 1, 'Lateral Local', 20750, 'LLC12608'),
( 1, 'Lateral Local', 20750, 'LLC12609'),
( 1, 'Lateral Local', 20750, 'LLC12610'),
( 1, 'Lateral Local', 20750, 'LLC12611'),
( 1, 'Lateral Local', 20750, 'LLC12612'),
( 1, 'Lateral Local', 20750, 'LLC12613'),
( 1, 'Palcos', 12450, 'PAL1'),
( 1, 'Palcos', 12450, 'PAL2'),
( 1, 'Palcos', 12450, 'PAL3'),
( 1, 'Palcos', 12450, 'PAL4'),
( 1, 'Palcos', 12450, 'PAL5'),
( 1, 'Palcos', 12450, 'PAL6'),
( 1, 'Palcos', 12450, 'PAL7'),
( 1, 'Palcos', 12450, 'PAL8'),
( 1, 'Palcos', 12450, 'PAL9'),
( 1, 'Palcos', 12450, 'PAL10'),
( 1, 'Palcos', 12450, 'PAL11'),
( 1, 'Palcos', 12450, 'PAL12'),
( 1, 'Palcos', 12450, 'PAL13'),
( 1, 'Palcos', 12450, 'PAL14'),
( 1, 'Palcos', 12450, 'PAL15'),
( 1, 'Palcos', 12450, 'PAL16'),
( 1, 'Palcos', 12450, 'PAL17'),
( 1, 'Palcos', 12450, 'PAL18'),
( 1, 'Palcos', 12450, 'PAL19'),
( 1, 'Palcos', 12450, 'PAL20'),
( 1, 'Palcos', 12450, 'PAL21'),
( 1, 'Palcos', 12450, 'PAL22'),
( 1, 'Palcos', 12450, 'PAL23'),
( 1, 'Palcos', 12450, 'PAL24'),
( 1, 'Palcos', 12450, 'PAL25'),
( 1, 'Palcos', 12450, 'PAL26'),
( 1, 'Palcos', 12450, 'PAL27'),
( 1, 'Palcos', 12450, 'PAL28'),
( 1, 'Palcos', 12450, 'PAL29'),
( 1, 'Palcos', 12450, 'PAL30'),
( 2, 'Lateral Visita', 5100, 'LLV4'),
( 2, 'Lateral Visita', 5100, 'LLV5'),
( 2, 'Lateral Visita', 5100, 'LLV6'),
( 2, 'Lateral Visita', 5100, 'LLV7'),
( 2, 'Lateral Visita', 5100, 'LLV8'),
( 2, 'Lateral Visita', 5100, 'LLV9'),
( 2, 'Lateral Visita', 5100, 'LLV10'),
( 2, 'Lateral Visita', 5100, 'LLV11'),
( 2, 'Lateral Visita', 5100, 'LLV12'),
( 2, 'Lateral Visita', 5100, 'LLV13'),
( 2, 'Lateral Visita', 5100, 'LLV14'),
( 2, 'Lateral Visita', 5100, 'LLV15'),
( 2, 'Lateral Visita', 5100, 'LLV16'),
( 2, 'Lateral Visita', 5100, 'LLV17'),
( 2, 'Lateral Visita', 5100, 'LLV18'),
( 2, 'Lateral Visita', 5100, 'LLV19'),
( 2, 'Lateral Visita', 5100, 'LLV20'),
( 2, 'Lateral Visita', 5100, 'LLV21'),
( 2, 'Lateral Visita', 5100, 'LLV22'),
( 2, 'Lateral Visita', 5100, 'LLV23'),
( 2, 'Lateral Visita', 5100, 'LLV24'),
( 2, 'Lateral Visita', 5100, 'LLV25'),
( 2, 'Lateral Visita', 5100, 'LLV26'),
( 2, 'Lateral Visita', 5100, 'LLV27'),
( 2, 'Lateral Visita', 5100, 'LLV28'),
( 3, 'Cabecera Local', 7500, 'CLA40'),
( 3, 'Cabecera Local', 7500, 'CLA41'),
( 3, 'Cabecera Local', 7500, 'CLA43'),
( 3, 'Cabecera Local', 7500, 'CLA44'),
( 3, 'Cabecera Local', 7500, 'CLA46'),
( 3, 'Cabecera Local', 7500, 'CLA47'),
( 3, 'Cabecera Local', 7500, 'CLA49'),
( 3, 'Cabecera Local', 7500, 'CLA50'),
( 3, 'Cabecera Local', 7500, 'CLA51'),
( 3, 'Cabecera Local', 7500, 'CLA52'),
( 3, 'Cabecera Local', 7500, 'CLA54'),
( 3, 'Cabecera Local', 7500, 'CLA55'),
( 3, 'Cabecera Local', 7500, 'CLA57'),
( 3, 'Cabecera Local', 7500, 'CLA58'),
( 3, 'Cabecera Local', 7500, 'CLA59'),
( 3, 'Cabecera Local', 7500, 'CLA60'),
( 3, 'Palcos', 4500, 'PAL300'),
( 3, 'Palcos', 4500, 'PAL302'),
( 3, 'Palcos', 4500, 'PAL303'),
( 3, 'Palcos', 4500, 'PAL304'),
( 3, 'Palcos', 4500, 'PAL305'),
( 3, 'Palcos', 4500, 'PAL306'),
( 3, 'Palcos', 4500, 'PAL307'),
( 3, 'Palcos', 4500, 'PAL308'),
( 3, 'Palcos', 4500, 'PAL312'),
( 3, 'Palcos', 4500, 'PAL313'),
( 3, 'Palcos', 4500, 'PAL314'),
( 3, 'Palcos', 4500, 'PAL315'),
( 4, 'Cabecera Local', 13750, 'CLA1245'),
( 4, 'Cabecera Local', 13750, 'CLA1246'),
( 4, 'Cabecera Local', 13750, 'CLA1248'),
( 4, 'Cabecera Local', 13750, 'CLA1250'),
( 4, 'Cabecera Local', 13750, 'CLA1251'),
( 4, 'Cabecera Local', 13750, 'CLA1254'),
( 4, 'Cabecera Local', 13750, 'CLA1255');


-- Insertar datos para la tabla Equipos
INSERT INTO Equipos (id_Equipo, nombre_Equipo, pais, entrenador, color_uniforme, jugador_Estrella)
VALUES 
('QAT', 'Qatar', 'Qatar', 'Félix Sánchez Bas', 'Blanco, rojo y negro', 'Almoez Ali'),
('ECU', 'Ecuador', 'Ecuador', 'Gustavo Alfaro', 'Amarillo, azul y rojo', 'Enner Valencia'),
('SEN', 'Senegal', 'Senegal', 'Aliou Cissé', 'Verde, amarillo y rojo', 'Sadio Mané'),
('NED', 'Países Bajos', 'Países Bajos', 'Louis van Gaal', 'Naranja', 'Memphis Depay'),
('ENG', 'Inglaterra', 'Inglaterra', 'Gareth Southgate', 'Blanco, azul y rojo', 'Harry Kane'),
('IRN', 'Irán', 'Irán', 'Dragan Skočić', 'Blanco, verde y rojo', 'Mehdi Taremi'),
('USA', 'Estados Unidos', 'Estados Unidos', 'Gregg Berhalter', 'Blanco, azul y rojo', 'Christian Pulisic'),
('WAL', 'Gales', 'Gales', 'Rob Page', 'Blanco, rojo y verde', 'Gareth Bale'),
('ARG', 'Argentina', 'Argentina', 'Lionel Scaloni', 'Celeste y blanco', 'Lionel Messi'),
('KSA', 'Arabia Saudita', 'Arabia Saudita', 'Hervé Renard', 'Blanco, verde y rojo', 'Salem Al-Dawsari'),
('MEX', 'México', 'México', 'Gerardo Martino', 'Verde, blanco y rojo', 'Memo Ochoa'),
('POL', 'Polonia', 'Polonia', 'Czesław Michniewicz', 'Blanco, rojo y verde', 'Robert Lewandowski'),
('FRA', 'Francia', 'Francia', 'Didier Deschamps', 'Azul', 'Kylian Mbappé'),
('AUS', 'Australia', 'Australia', 'Graham Arnold', 'Verde, amarillo y azul', 'Aaron Mooy'),
('DEN', 'Dinamarca', 'Dinamarca', 'Kasper Hjulmand', 'Rojo, blanco y negro', 'Christian Eriksen'),
('TUN', 'Túnez', 'Túnez', 'Jalel Kadri', 'Blanco, rojo y verde', 'Wahbi Khazri'),
('ESP', 'España', 'España', 'Luis Enrique', 'Rojo, amarillo y azul', 'Pedri'),
('CRC', 'Costa Rica', 'Costa Rica', 'Luis Fernando Suárez', 'Azul, blanco y rojo', 'Keylor Navas'),
('GER', 'Alemania', 'Alemania', 'Hansi Flick', 'Blanco, negro y rojo', 'Joshua Kimmich'),
('JPN', 'Japón', 'Japón', 'Hajime Moriyasu', 'Azul, blanco y rojo', 'Takumi Minamino'),
('BEL', 'Bélgica', 'Bélgica', 'Roberto Martínez', 'Rojo, amarillo y negro', 'Kevin De Bruyne'),
('CAN', 'Canadá', 'Canadá', 'John Herdman', 'Blanco, rojo y negro', 'Alphonso Davies'),
('MAR', 'Marruecos', 'Marruecos', 'Vahid Halilhodžić', 'Verde, blanco y rojo', 'Achraf Hakimi'),
('CRO', 'Croacia', 'Croacia', 'Zlatko Dalić', 'Azul, blanco y rojo', 'Luka Modric'),
('BRA', 'Brasil', 'Brasil', 'Tite', 'Amarillo, azul y verde', 'Neymar'),
('SRB', 'Serbia', 'Serbia', 'Dragan Stojković', 'Rojo, blanco y azul', 'Dušan Vlahović'),
('SUI', 'Suiza', 'Suiza', 'Murat Yakin', 'Blanco, rojo y azul', 'Granit Xhaka'),
('POR', 'Portugal', 'Portugal', 'Fernando Santos', 'Rojo, verde y blanco', 'Cristiano Ronaldo'),
('GHA', 'Ghana', 'Ghana', 'Otto Addo', 'Negro, blanco y verde', 'André Ayew'),
('URU', 'Uruguay', 'Uruguay', 'Diego Alonso', 'Celeste y blanco', 'Luis Suárez'),
('KOR', 'Corea del Sur', 'Corea del Sur', 'Paulo Bento', 'Rojo, azul y blanco', 'Son Heung-min');


-- Insertar datos para la tabla Clientes
INSERT INTO Clientes (id_Cliente, nombre_Cliente, direccion_Cliente, telefono_Cliente, email_Cliente, tarjetaCredito)
VALUES
('CLI001', 'Juan García', 'Calle 1, Colonia Centro, Ciudad de México', '555-1234', 'juan.garcia@email.com', '1234567890123456'),
('CLI002', 'Ana Rodríguez', 'Avenida 2, Colonia Norte, Guadalajara', '555-5678', 'ana.rodriguez@email.com', '2345678901234567'),
('CLI003', 'Miguel Hernández', 'Calle 3, Colonia Sur, Monterrey', '555-9012', 'miguel.hernandez@email.com', '3456789012345678'),
('CLI004', 'Isabel Pérez', 'Avenida 4, Colonia Este, Puebla', '555-3456', 'isabel.perez@email.com', '4567890123456789'),
('CLI005', 'Jorge López', 'Calle 5, Colonia Oeste, Querétaro', '555-7890', 'jorge.lopez@email.com', '5678901234567890'),
('CLI006', 'María Gutiérrez', 'Avenida 6, Colonia Central, Cancún', '555-1235', 'maria.gutierrez@email.com', '6789012345678901'),
('CLI007', 'Alejandro Torres', 'Calle 7, Colonia Del Valle, Tijuana', '555-5679', 'alejandro.torres@email.com', '7890123456789012'),
('CLI008', 'Laura Martínez', 'Avenida 8, Colonia Juárez, Mérida', '555-9013', 'laura.martinez@email.com', '8901234567890123'),
('CLI009', 'Carlos Sánchez', 'Calle 9, Colonia Reforma, Acapulco', '555-3457', 'carlos.sanchez@email.com', '9012345678901234'),
('CLI010', 'Gabriela González', 'Avenida 10, Colonia Roma, Veracruz', '555-7891', 'gabriela.gonzalez@email.com', '0123456789012345'),
('CLI011', 'Fernando Ruiz', 'Calle 11, Colonia Condesa, Oaxaca', '555-1236', 'fernando.ruiz@email.com', '1234567890123456'),
('CLI012', 'Leticia Vargas', 'Avenida 12, Colonia Chapultepec, Toluca', '555-5670', 'leticia.vargas@email.com', '2345678901234567'),
('CLI013', 'Joséfa Jiménez', 'Calle 13, Colonia Xalapa, Xalapa', '555-9014', 'josefa.jimenez@email.com', '3456789012345678'),
('CLI014', 'Guillermo Torres', 'Avenida 14, Colonia Coatzacoalcos, Coatzacoalcos', '555-3458', 'guillermo.torres@email.com', '4567890123456789'),
('CLI015', 'Rosa García', 'Calle 15, Colonia Chetumal, Chetumal', '555-7892', 'rosa.garcia@email.com', '5678901234567890'),
('CLI016', 'Ignacio López', 'Avenida 16, Colonia Campeche, Campeche', '555-1237', 'ignacio.lopez@email.com', '6789012345678901'),
('CLI017', 'Patricia Sánchez', 'Calle 17, Colonia Celaya, Celaya', '555-5671', 'patricia.sanchez@email.com', '7890123456789012'),
('CLI018', 'Martín Ramírez', 'Avenida 18, Colonia Durango, Durango', '555-9015', 'martin.ramirez@email.com', '8901234567890123'),
('CLI019', 'Verónica Castro', 'Calle 19, Colonia Ensenada, Ensenada', '555-3459', 'veronica.castro@email.com', '9012345678901234'),
('CLI020', 'Javier Pérez', 'Avenida 20, Colonia Mexicali, Mexicali', '555-7893', 'javier.perez@email.com', '0123456789012345'),
('CLI021', 'Susana Mendoza', 'Calle 21, Colonia La Paz, La Paz', '555-1238', 'susana.mendoza@email.com', '1234567890123456'),
('CLI022', 'Ricardo Rodríguez', 'Avenida 22, Colonia Los Cabos, Los Cabos', '555-5672', 'ricardo.rodriguez@email.com', '2345678901234567'),
('CLI023', 'Beatriz Moreno', 'Calle 23, Colonia Puerto Vallarta, Puerto Vallarta', '555-9016', 'beatriz.moreno@email.com', '3456789012345678'),
('CLI024', 'Ángel Gómez', 'Avenida 24, Colonia Tepic, Tepic', '555-3460', 'angel.gomez@email.com', '4567890123456789'),
('CLI025', 'Diana López', 'Calle 25, Colonia Manzanillo, Manzanillo', '555-7894', 'diana.lopez@email.com', '5678901234567890'),
('CLI026', 'Raúl Ramírez', 'Avenida 26, Colonia Guanajuato, Guanajuato', '555-1239', 'raul.ramirez@email.com', '6789012345678901'),
('CLI027', 'Carmen Sánchez', 'Calle 27, Colonia Morelia, Morelia', '555-5673', 'carmen.sanchez@email.com', '7890123456789012'),
('CLI028', 'Héctor Vázquez', 'Avenida 28, Colonia Aguascalientes, Aguascalientes', '555-9017', 'hector.vazquez@email.com', '8901234567890123'),
('CLI029', 'Martha Torres', 'Calle 29, Colonia Zacatecas, Zacatecas', '555-3461', 'martha.torres@email.com', '9012345678901234'),
('CLI030', 'Rogelio Ruiz', 'Avenida 30, Colonia San Luis Potosí, San Luis Potosí', '555-7895', 'rogelio.ruiz@email.com', '0123456789012345'),
('CLI031', 'John Smith', '123 Main St, Anytown, USA', '555-1111', 'john.smith@email.com', '1234567890123456'),
('CLI032', 'Emily Johnson', '456 Oak St, Smallville, USA', '555-2222', 'emily.johnson@email.com', '2345678901234567'),
('CLI033', 'Michael Davis', '789 Pine St, Suburbia, USA', '555-3333', 'michael.davis@email.com', '3456789012345678'),
('CLI034', 'Jessica Taylor', '101 Elm St, Metropolis, USA', '555-4444', 'jessica.taylor@email.com', '4567890123456789'),
('CLI035', 'Christopher Brown', '202 Maple St, Uptown, USA', '555-5555', 'christopher.brown@email.com', '5678901234567890'),
('CLI036', 'Emma Miller', '303 Cedar St, Downtown, USA', '555-6666', 'emma.miller@email.com', '6789012345678901'),
('CLI037', 'Daniel Wilson', '404 Birch St, Countryside, USA', '555-7777', 'daniel.wilson@email.com', '7890123456789012'),
('CLI038', 'Olivia Moore', '505 Redwood St, Rivertown, USA', '555-8888', 'olivia.moore@email.com', '8901234567890123'),
('CLI039', 'Matthew Anderson', '606 Willow St, Hillside, USA', '555-9999', 'matthew.anderson@email.com', '9012345678901234'),
('CLI040', 'Ava Jackson', '707 Sycamore St, Lakeside, USA', '555-1230', 'ava.jackson@email.com', '0123456789012345'),
('CLI041', 'William White', '808 Cedar St, Parkview, USA', '555-2341', 'william.white@email.com', '1234567890123456'),
('CLI042', 'Sophia Harris', '909 Elm St, Lakeshore, USA', '555-3452', 'sophia.harris@email.com', '2345678901234567'),
('CLI043', 'James Martin', '101 Pine St, Riverside, USA', '555-4563', 'james.martin@email.com', '3456789012345678'),
('CLI044', 'Grace Thompson', '202 Birch St, Mountainview, USA', '555-5674', 'grace.thompson@email.com', '4567890123456789'),
('CLI045', 'Joseph Robinson', '303 Oak St, Valley, USA', '555-6785', 'joseph.robinson@email.com', '5678901234567890'),
('CLI046', 'Lily Clark', '404 Redwood St, Hilltop, USA', '555-7896', 'lily.clark@email.com', '6789012345678901'),
('CLI047', 'Andrew Lewis', '505 Maple St, Meadowview, USA', '555-8907', 'andrew.lewis@email.com', '7890123456789012'),
('CLI048', 'Madison Walker', '606 Sycamore St, Lakeside, USA', '555-9018', 'madison.walker@email.com', '8901234567890123'),
('CLI049', 'Alexander Hall', '707 Cedar St, Seaview, USA', '555-0129', 'alexander.hall@email.com', '9012345678901234'),
('CLI050', 'Avery Young', '808 Willow St, Sunrise, USA', '555-1230', 'avery.young@email.com', '0123456789012345'),
('CLI051', 'Pablo Martínez', 'Calle Gran Vía, Madrid', '666-1111', 'pablo.martinez@email.com', '1234123412341234'),
('CLI052', 'Lucía Rodríguez', 'Avenida Diagonal, Barcelona', '666-2222', 'lucia.rodriguez@email.com', '2345234523452345'),
('CLI053', 'Alejandro García', 'Calle Real, Sevilla', '666-3333', 'alejandro.garcia@email.com', '3456345634563456'),
('CLI054', 'Sofía López', 'Plaza Mayor, Valencia', '666-4444', 'sofia.lopez@email.com', '4567456745674567'),
('CLI055', 'Iván Sánchez', 'Calle de la Palma, Zaragoza', '666-5555', 'ivan.sanchez@email.com', '5678567856785678'),
('CLI056', 'Carmen Gutiérrez', 'Paseo de Gracia, Barcelona', '666-6666', 'carmen.gutierrez@email.com', '6789678967896789'),
('CLI057', 'Adrián Fernández', 'Calle Mayor, Bilbao', '666-7777', 'adrian.fernandez@email.com', '7890789078907890'),
('CLI058', 'Marina Martínez', 'Paseo de la Castellana, Madrid', '666-8888', 'marina.martinez@email.com', '8901890189018901'),
('CLI059', 'Javier Ruiz', 'Rambla, Barcelona', '666-9999', 'javier.ruiz@email.com', '9012901290129012'),
('CLI060', 'Laura García', 'Plaza de España, Valencia', '666-0000', 'laura.garcia@email.com', '0123012301230123'),
('CLI061', 'Carlos Rodríguez', 'Calle Larios, Málaga', '666-1112', 'carlos.rodriguez@email.com', '1234123412341234'),
('CLI062', 'Isabel Sánchez', 'Gran Via, Bilbao', '666-2223', 'isabel.sanchez@email.com', '2345234523452345'),
('CLI063', 'Juan Fernández', 'Carrera del Darro, Granada', '666-3334', 'juan.fernandez@email.com', '3456345634563456'),
('CLI064', 'Marta López', 'Avenida de la Constitución, Sevilla', '666-4445', 'marta.lopez@email.com', '4567456745674567'),
('CLI065', 'Antonio Gutiérrez', 'Calle Ancha, Cádiz', '666-5556', 'antonio.gutierrez@email.com', '5678567856785678'),
('CLI066', 'Carlos González', 'Calle 31, Buenos Aires', '5411-1234', 'carlos.gonzalez@email.com', '1111222233334444'),
('CLI067', 'María Fernández', 'Avenida 32, Córdoba', '5411-5678', 'maria.fernandez@email.com', '2222333344445555'),
('CLI068', 'Juan Martínez', 'Calle 33, Rosario', '5411-9012', 'juan.martinez@email.com', '3333444455556666'),
('CLI069', 'Ana Rodríguez', 'Avenida 34, Mendoza', '5411-3456', 'ana.rodriguez@email.com', '4444555566667777'),
('CLI070', 'Lucas Pérez', 'Calle 35, La Plata', '5411-7890', 'lucas.perez@email.com', '5555666677778888'),
('CLI071', 'Sofía Díaz', 'Avenida 36, San Miguel de Tucumán', '5411-1235', 'sofia.diaz@email.com', '6666777788889999'),
('CLI072', 'Mateo García', 'Calle 37, Mar del Plata', '5411-5679', 'mateo.garcia@email.com', '7777888899990000'),
('CLI073', 'Valentina López', 'Avenida 38, Salta', '5411-9013', 'valentina.lopez@email.com', '8888999900001111'),
('CLI074', 'Martín Sánchez', 'Calle 39, Santa Fe', '5411-3457', 'martin.sanchez@email.com', '9999000011112222'),
('CLI075', 'Renata Rodríguez', 'Avenida 40, San Juan', '5411-7891', 'renata.rodriguez@email.com', '0000111122223333'),
('CLI076', 'Tomás Fernández', 'Calle 41, Resistencia', '5411-1236', 'tomas.fernandez@email.com', '1111222233334444'),
('CLI077', 'Catalina Martínez', 'Avenida 42, Santiago del Estero', '5411-5670', 'catalina.martinez@email.com', '2222333344445555'),
('CLI078', 'Facundo González', 'Calle 43, Corrientes', '5411-9014', 'facundo.gonzalez@email.com', '3333444455556666'),
('CLI079', 'Juana López', 'Avenida 44, San Salvador de Jujuy', '5411-3458', 'juana.lopez@email.com', '4444555566667777'),
('CLI080', 'Francisco Díaz', 'Calle 45, Paraná', '5411-7892', 'francisco.diaz@email.com', '5555666677778888'),
('CLI081', 'Isabella Sánchez', 'Avenida 46, Formosa', '5411-1237', 'isabella.sanchez@email.com', '6666777788889999'),
('CLI082', 'Emiliano Rodríguez', 'Calle 47, Neuquén', '5411-5671', 'emiliano.rodriguez@email.com', '7777888899990000'),
('CLI083', 'Victoria Pérez', 'Avenida 48, San Luis', '5411-9015', 'victoria.perez@email.com', '8888999900001111'),
('CLI084', 'Gonzalo Díaz', 'Calle 49, Catamarca', '5411-3460', 'gonzalo.diaz@email.com', '9999000011112222'),
('CLI085', 'Milagros García', 'Avenida 50, La Rioja', '5411-7893', 'milagros.garcia@email.com', '0000111122223333'),
('CLI086', 'Agustín López', 'Calle 51, Santiago del Estero', '5411-1238', 'agustin.lopez@email.com', '1111222233334444'),
('CLI087', 'Lourdes Fernández', 'Avenida 52, Tucumán', '5411-5672', 'lourdes.fernandez@email.com', '2222333344445555'),
('CLI088', 'Matías Martínez', 'Calle 53, San Juan', '5411-9016', 'matias.martinez@email.com', '3333444455556666'),
('CLI089', 'Camila Sánchez', 'Avenida 54, Mendoza', '5411-3459', 'camila.sanchez@email.com', '4444555566667777'),
('CLI090', 'Facundo Rodríguez', 'Calle 55, La Plata', '5411-7894', 'facundo.rodriguez@email.com', '5555666677778888'),
('CLI091', 'Pieter de Vries', 'Amsterdamstraat 1, Amsterdam', '31-20-1234567', 'pieter.devries@email.com', '1234567890123456'),
('CLI092', 'Lotte Janssen', 'Rotterdamweg 2, Rotterdam', '31-10-2345678', 'lotte.janssen@email.com', '2345678901234567'),
('CLI093', 'Jan van der Berg', 'Utrechtlaan 3, Utrecht', '31-30-3456789', 'jan.vanderberg@email.com', '3456789012345678'),
('CLI094', 'Eva van Dijk', 'Den Haagstraat 4, Den Haag', '31-70-4567890', 'eva.vandijk@email.com', '4567890123456789'),
('CLI095', 'Thijs Bakker', 'Eindhovenplein 5, Eindhoven', '31-40-5678901', 'thijs.bakker@email.com', '5678901234567890'),
('CLI096', 'Rafael Silva', 'Rua 1, Bairro Centro, São Paulo', '55-11-1234-5678', 'rafael.silva@email.com', '1234567890123456'),
('CLI097', 'Ana Oliveira', 'Avenida 2, Bairro Norte, Rio de Janeiro', '55-21-2345-6789', 'ana.oliveira@email.com', '2345678901234567'),
('CLI098', 'Diego Santos', 'Rua 3, Bairro Sul, Brasília', '55-61-3456-7890', 'diego.santos@email.com', '3456789012345678'),
('CLI099', 'Camila Costa', 'Avenida 4, Bairro Oeste, Salvador', '55-71-4567-8901', 'camila.costa@email.com', '4567890123456789'),
('CLI100', 'Lucas Pereira', 'Rua 5, Bairro Leste, Belo Horizonte', '55-31-5678-9012', 'lucas.pereira@email.com', '5678901234567890');


INSERT INTO Partidos (id_Partido, fecha_hora, id_Estadio, nombre_Arbitro)
VALUES
-- Grupo A
('M2026A01', '2026-06-08 14:00:00', 1, 'John Smith'),
('M2026A02', '2026-06-08 17:00:00', 2, 'Alexander Hall'),
('M2026A03', '2026-06-12 14:00:00', 3, 'Michael Davis'),
('M2026A04', '2026-06-12 17:00:00', 4, 'Jessica Taylor'),
('M2026A05', '2026-06-16 14:00:00', 1, 'Christopher Brown'),
('M2026A06', '2026-06-16 17:00:00', 2, 'Matthew Anderson'),
-- Grupo B
('M2026B01', '2026-06-09 14:00:00', 3, 'John Smith'),
('M2026B02', '2026-06-09 17:00:00', 4, 'Alexander Hall'),
('M2026B03', '2026-06-13 14:00:00', 1, 'Michael Davis'),
('M2026B04', '2026-06-13 17:00:00', 2, 'Ava Jackson'),
('M2026B05', '2026-06-17 14:00:00', 3, 'William White'),
('M2026B06', '2026-06-17 17:00:00', 4, 'Sophia Harris'),
-- Grupo C
('M2026C01', '2026-06-10 14:00:00', 1, 'Christopher Brown'),
('M2026C02', '2026-06-10 17:00:00', 2, 'Alexander Hall'),
('M2026C03', '2026-06-14 14:00:00', 3, 'Michael Davis'),
('M2026C04', '2026-06-14 17:00:00', 4, 'Sophia Harris'),
('M2026C05', '2026-06-18 14:00:00', 1, 'William White'),
('M2026C06', '2026-06-18 17:00:00', 2, 'John Smith'),
-- Grupo D
('M2026D01', '2026-06-11 14:00:00', 3, 'John Smith'),
('M2026D02', '2026-06-11 17:00:00', 4, 'Alexander Hall'),
('M2026D03', '2026-06-15 14:00:00', 1, 'Christopher Brown'),
('M2026D04', '2026-06-15 17:00:00', 2, 'Michael Davis'),
('M2026D05', '2026-06-19 14:00:00', 3, 'Michael Davis'),
('M2026D06', '2026-06-19 17:00:00', 4, 'Sophia Harris');

-- Inserción de registros en la tabla Boletos
INSERT INTO Boletos (num_boleto, id_Partido, id_equipoLocal, id_equipoVisita, estado, precio, nombre_Seccion)
VALUES
(1, 'M2026A01', 'QAT', 'ECU', 'Vendido', 450, 'Lateral Local'),
(2, 'M2026A01', 'QAT', 'ECU', 'Disponible', 300, 'Cabecera Visita'),
(3, 'M2026A02', 'SEN', 'NED', 'Vendido', 1200, 'Palcos'),
(4, 'M2026A02', 'SEN', 'NED', 'Disponible', 600, 'Lateral Visita'),
(5, 'M2026B01', 'IRN', 'USA', 'Vendido', 400, 'Lateral Visita'),
(6, 'M2026B01', 'IRN', 'USA', 'Disponible', 450, 'Lateral Local'),
(7, 'M2026B02', 'WAL', 'ARG', 'Vendido', 1200, 'Palcos'),
(8, 'M2026B02', 'WAL', 'ARG', 'Disponible', 600, 'Lateral Visita'),
(9, 'M2026C01', 'KSA', 'MEX', 'Vendido', 450, 'Lateral Local'),
(10, 'M2026C01', 'KSA', 'MEX', 'Disponible', 450, 'Lateral Local'),
(11, 'M2026C02', 'POL', 'FRA', 'Vendido', 1300, 'Palcos'),
(12, 'M2026C02', 'POL', 'FRA', 'Disponible', 650, 'Lateral Visita'),
(13, 'M2026D01', 'AUS', 'DEN', 'Vendido', 450, 'Lateral Local'),
(14, 'M2026D01', 'AUS', 'DEN', 'Disponible', 450, 'Lateral Local'),
(15, 'M2026D02', 'TUN', 'ESP', 'Vendido', 1200, 'Palcos'),
(16, 'M2026D02', 'TUN', 'ESP', 'Disponible', 450, 'Lateral Local'),
(17, 'M2026D03', 'CRC', 'GER', 'Vendido', 1200, 'Palcos'),
(18, 'M2026D03', 'CRC', 'GER', 'Disponible', 1200, 'Palcos'),
(19, 'M2026A03', 'JPN', 'BEL', 'Vendido', 1200, 'Palcos'),
(20, 'M2026A03', 'JPN', 'BEL', 'Disponible', 450, 'Lateral Local'),
(21, 'M2026A04', 'CAN', 'MAR', 'Vendido', 250, 'Cabecera Visita'),
(22, 'M2026A04', 'CAN', 'MAR', 'Disponible', 450, 'Lateral Local'),
(23, 'M2026B03', 'CRO', 'BRA', 'Vendido', 450, 'Lateral Local'),
(24, 'M2026B03', 'CRO', 'BRA', 'Disponible', 625, 'Lateral Visita'),
(25, 'M2026B04', 'SRB', 'SUI', 'Vendido', 450, 'Lateral Local'),
(26, 'M2026B04', 'SRB', 'SUI', 'Disponible', 250, 'Cabecera Visita'),
(27, 'M2026C03', 'POR', 'GHA', 'Vendido', 250, 'Cabecera Visita'),
(28, 'M2026C03', 'POR', 'GHA', 'Disponible', 250, 'Cabecera Visita'),
(29, 'M2026C04', 'URU', 'KOR', 'Vendido', 250, 'Cabecera Visita'),
(30, 'M2026C04', 'URU', 'KOR', 'Disponible', 450, 'Lateral Local'),
(31, 'M2026C01', 'KSA', 'MEX', 'Disponible', 1300, 'Palcos'),
(32, 'M2026C01', 'KSA', 'MEX', 'Disponible', 1300, 'Palcos'),
(33, 'M2026C01', 'KSA', 'MEX', 'Disponible', 1300, 'Palcos'),
(34, 'M2026C01', 'KSA', 'MEX', 'Disponible', 1300, 'Palcos'),
(35, 'M2026C01', 'KSA', 'MEX', 'Disponible', 1300, 'Palcos'),
(36, 'M2026C01', 'KSA', 'MEX', 'Disponible', 1300, 'Palcos'),
(37, 'M2026C01', 'KSA', 'MEX', 'Disponible', 1300, 'Palcos'),
(38, 'M2026C01', 'KSA', 'MEX', 'Disponible', 1300, 'Palcos'),
(39, 'M2026C01', 'KSA', 'MEX', 'Disponible', 1300, 'Palcos'),
(40, 'M2026C01', 'KSA', 'MEX', 'Disponible', 1300, 'Palcos'),
(41, 'M2026C01', 'KSA', 'MEX', 'Disponible', 1300, 'Palcos'),
(42, 'M2026C01', 'KSA', 'MEX', 'Disponible', 1300, 'Palcos'),
(43, 'M2026C01', 'KSA', 'MEX', 'Disponible', 1300, 'Palcos'),
(44, 'M2026C01', 'KSA', 'MEX', 'Disponible', 1300, 'Palcos'),
(45, 'M2026C01', 'KSA', 'MEX', 'Disponible', 1300, 'Palcos'),
(46, 'M2026C01', 'KSA', 'MEX', 'Disponible', 1300, 'Palcos'),
(47, 'M2026C01', 'KSA', 'MEX', 'Disponible', 1300, 'Palcos'),
(48, 'M2026C01', 'KSA', 'MEX', 'Disponible', 1300, 'Palcos'),
(49, 'M2026C01', 'KSA', 'MEX', 'Disponible', 1300, 'Palcos'),
(50, 'M2026C01', 'KSA', 'MEX', 'Disponible', 1300, 'Palcos'),
(51, 'M2026C01', 'KSA', 'MEX', 'Disponible', 1300, 'Palcos'),
(52, 'M2026C01', 'KSA', 'MEX', 'Disponible', 1300, 'Palcos'),
(53, 'M2026C01', 'KSA', 'MEX', 'Disponible', 1300, 'Palcos'),
(54, 'M2026C01', 'KSA', 'MEX', 'Disponible', 1300, 'Palcos'),
(55, 'M2026C01', 'KSA', 'MEX', 'Disponible', 1300, 'Palcos'),
(56, 'M2026C01', 'KSA', 'MEX', 'Disponible', 1300, 'Palcos'),
(57, 'M2026C01', 'KSA', 'MEX', 'Disponible', 1300, 'Palcos'),
(58, 'M2026C01', 'KSA', 'MEX', 'Disponible', 1300, 'Palcos'),
(59, 'M2026C01', 'KSA', 'MEX', 'Disponible', 1300, 'Palcos'),
(60, 'M2026C01', 'KSA', 'MEX', 'Disponible', 1300, 'Palcos'),
(61, 'M2026A03', 'JPN', 'BEL', 'Vendido', 1200, 'Palcos'),
(62, 'M2026A03', 'JPN', 'BEL', 'Vendido', 1200, 'Palcos'),
(63, 'M2026A03', 'JPN', 'BEL', 'Vendido', 1200, 'Palcos'),
(64, 'M2026A03', 'JPN', 'BEL', 'Vendido', 1200, 'Palcos'),
(65, 'M2026A03', 'JPN', 'BEL', 'Vendido', 1200, 'Palcos'),
(66, 'M2026A03', 'JPN', 'BEL', 'Vendido', 1200, 'Palcos'),
(67, 'M2026A03', 'JPN', 'BEL', 'Vendido', 1200, 'Palcos'),
(68, 'M2026A03', 'JPN', 'BEL', 'Vendido', 1200, 'Palcos'),
(69, 'M2026A03', 'JPN', 'BEL', 'Vendido', 1200, 'Palcos'),
(70, 'M2026A03', 'JPN', 'BEL', 'Vendido', 1200, 'Palcos'),
(71, 'M2026A03', 'JPN', 'BEL', 'Vendido', 1200, 'Palcos'),
(72, 'M2026A03', 'JPN', 'BEL', 'Vendido', 1200, 'Palcos'),
(73, 'M2026A03', 'JPN', 'BEL', 'Vendido', 1200, 'Palcos'),
(74, 'M2026A03', 'JPN', 'BEL', 'Vendido', 1200, 'Palcos'),
(75, 'M2026A03', 'JPN', 'BEL', 'Vendido', 1200, 'Palcos'),
(76, 'M2026B02', 'WAL', 'ARG', 'Vendido', 1200, 'Palcos'),
(77, 'M2026B02', 'WAL', 'ARG', 'Disponible', 600, 'Lateral Visita'),
(78, 'M2026B02', 'WAL', 'ARG', 'Disponible', 600, 'Lateral Visita'),
(79, 'M2026B02', 'WAL', 'ARG', 'Vendido', 1200, 'Palcos'),
(80, 'M2026B02', 'WAL', 'ARG', 'Vendido', 1200, 'Palcos'),
(81, 'M2026B02', 'WAL', 'ARG', 'Vendido', 1200, 'Palcos'),
(82, 'M2026B02', 'WAL', 'ARG', 'Disponible', 600, 'Lateral Visita'),
(83, 'M2026B02', 'WAL', 'ARG', 'Vendido', 1200, 'Palcos'),
(84, 'M2026B02', 'WAL', 'ARG', 'Disponible', 600, 'Lateral Visita'),
(85, 'M2026B02', 'WAL', 'ARG', 'Disponible', 600, 'Lateral Visita'),
(86, 'M2026B02', 'WAL', 'ARG', 'Vendido', 1200, 'Palcos'),
(87, 'M2026B02', 'WAL', 'ARG', 'Disponible', 600, 'Lateral Visita'),
(88, 'M2026B02', 'WAL', 'ARG', 'Disponible', 600, 'Lateral Visita'),
(89, 'M2026B02', 'WAL', 'ARG', 'Vendido', 1200, 'Palcos'),
(90, 'M2026B02', 'WAL', 'ARG', 'Vendido', 1200, 'Palcos'),
(91, 'M2026B02', 'WAL', 'ARG', 'Vendido', 1200, 'Palcos'),
(92, 'M2026B02', 'WAL', 'ARG', 'Disponible', 600, 'Lateral Visita'),
(93, 'M2026B02', 'WAL', 'ARG', 'Vendido', 1200, 'Palcos'),
(94, 'M2026B02', 'WAL', 'ARG', 'Disponible', 600, 'Lateral Visita'),
(95, 'M2026B02', 'WAL', 'ARG', 'Vendido', 1200, 'Palcos'),
(96, 'M2026B02', 'WAL', 'ARG', 'Vendido', 1200, 'Palcos'),
(97, 'M2026B02', 'WAL', 'ARG', 'Disponible', 600, 'Lateral Visita'),
(98, 'M2026B02', 'WAL', 'ARG', 'Vendido', 1200, 'Palcos'),
(99, 'M2026B02', 'WAL', 'ARG', 'Disponible', 600, 'Lateral Visita'),
(100, 'M2026B02', 'WAL', 'ARG', 'Disponible', 600, 'Lateral Visita');




-- Inserción de registros en la tabla Transacciones
INSERT INTO Transacciones (num_Transaccion, fecha_transaccion, id_Cliente, id_Boleto, cantidad_Boletos, total_Transaccion)
VALUES
(1, '2026-01-24', 'CLI001', 1, 2, (SELECT precio FROM Boletos WHERE num_boleto = 1) * 2),
(2, '2026-01-24', 'CLI002', 2, 3, (SELECT precio FROM Boletos WHERE num_boleto = 2) * 3),
(3, '2026-01-24', 'CLI003', 3, 1, (SELECT precio FROM Boletos WHERE num_boleto = 3) * 1),
(4, '2026-01-29', 'CLI004', 4, 4, (SELECT precio FROM Boletos WHERE num_boleto = 4) * 4),
(5, '2026-02-03', 'CLI005', 5, 2, (SELECT precio FROM Boletos WHERE num_boleto = 5) * 2),
(6, '2026-02-04', 'CLI006', 6, 3, (SELECT precio FROM Boletos WHERE num_boleto = 6) * 3),
(7, '2026-02-04', 'CLI007', 7, 1, (SELECT precio FROM Boletos WHERE num_boleto = 7) * 1),
(8, '2026-02-06', 'CLI008', 8, 2, (SELECT precio FROM Boletos WHERE num_boleto = 8) * 2),
(9, '2026-02-15', 'CLI009', 9, 4, (SELECT precio FROM Boletos WHERE num_boleto = 9) * 4),
(10, '2026-02-15', 'CLI010', 10, 3, (SELECT precio FROM Boletos WHERE num_boleto = 10) * 3),
(11, '2026-02-15', 'CLI011', 11, 2, (SELECT precio FROM Boletos WHERE num_boleto = 11) * 2),
(12, '2026-02-15', 'CLI012', 12, 1, (SELECT precio FROM Boletos WHERE num_boleto = 12) * 1),
(13, '2026-02-15', 'CLI013', 13, 4, (SELECT precio FROM Boletos WHERE num_boleto = 13) * 4),
(14, '2026-02-15', 'CLI014', 14, 2, (SELECT precio FROM Boletos WHERE num_boleto = 14) * 2),
(15, '2026-02-15', 'CLI015', 15, 3, (SELECT precio FROM Boletos WHERE num_boleto = 15) * 3),
(16, '2026-02-15', 'CLI016', 16, 1, (SELECT precio FROM Boletos WHERE num_boleto = 16) * 1),
(17, '2026-02-15', 'CLI017', 17, 4, (SELECT precio FROM Boletos WHERE num_boleto = 17) * 4),
(18, '2026-02-15', 'CLI018', 18, 3, (SELECT precio FROM Boletos WHERE num_boleto = 18) * 3),
(19, '2026-02-15', 'CLI019', 19, 2, (SELECT precio FROM Boletos WHERE num_boleto = 19) * 2),
(20, '2026-03-12', 'CLI020', 20, 1, (SELECT precio FROM Boletos WHERE num_boleto = 20) * 1),
(21, '2026-03-12', 'CLI021', 21, 4, (SELECT precio FROM Boletos WHERE num_boleto = 21) * 4),
(22, '2026-03-12', 'CLI022', 22, 3, (SELECT precio FROM Boletos WHERE num_boleto = 22) * 3),
(23, '2026-03-12', 'CLI023', 23, 2, (SELECT precio FROM Boletos WHERE num_boleto = 23) * 2),
(24, '2026-03-12', 'CLI024', 24, 1, (SELECT precio FROM Boletos WHERE num_boleto = 24) * 1),
(25, '2026-03-12', 'CLI025', 25, 4, (SELECT precio FROM Boletos WHERE num_boleto = 25) * 4),
(26, '2026-03-13', 'CLI026', 26, 3, (SELECT precio FROM Boletos WHERE num_boleto = 26) * 3),
(27, '2026-03-13', 'CLI027', 27, 2, (SELECT precio FROM Boletos WHERE num_boleto = 27) * 2),
(28, '2026-03-13', 'CLI028', 28, 1, (SELECT precio FROM Boletos WHERE num_boleto = 28) * 1),
(29, '2026-03-13', 'CLI029', 29, 4, (SELECT precio FROM Boletos WHERE num_boleto = 29) * 4),
(30, '2026-03-20', 'CLI030', 30, 3, (SELECT precio FROM Boletos WHERE num_boleto = 30) * 3),
(31, '2026-03-20', 'CLI031', 31, 2, (SELECT precio FROM Boletos WHERE num_boleto = 31) * 2),
(32, '2026-03-20', 'CLI032', 32, 1, (SELECT precio FROM Boletos WHERE num_boleto = 32) * 1),
(33, '2026-03-20', 'CLI033', 33, 4, (SELECT precio FROM Boletos WHERE num_boleto = 33) * 4),
(34, '2026-03-20', 'CLI034', 34, 3, (SELECT precio FROM Boletos WHERE num_boleto = 34) * 3),
(35, '2026-04-02', 'CLI035', 35, 2, (SELECT precio FROM Boletos WHERE num_boleto = 35) * 2),
(36, '2026-04-02', 'CLI036', 36, 1, (SELECT precio FROM Boletos WHERE num_boleto = 36) * 1),
(37, '2026-04-05', 'CLI037', 37, 3, (SELECT precio FROM Boletos WHERE num_boleto = 37) * 3),
(38, '2026-04-05', 'CLI038', 38, 2, (SELECT precio FROM Boletos WHERE num_boleto = 38) * 2),
(39, '2026-04-06', 'CLI039', 39, 1, (SELECT precio FROM Boletos WHERE num_boleto = 39) * 1),
(40, '2026-04-06', 'CLI040', 40, 4, (SELECT precio FROM Boletos WHERE num_boleto = 40) * 4),
(41, '2026-04-06', 'CLI041', 41, 3, (SELECT precio FROM Boletos WHERE num_boleto = 41) * 3),
(42, '2026-04-14', 'CLI042', 42, 2, (SELECT precio FROM Boletos WHERE num_boleto = 42) * 2),
(43, '2026-04-14', 'CLI043', 43, 1, (SELECT precio FROM Boletos WHERE num_boleto = 43) * 1),
(44, '2026-04-14', 'CLI044', 44, 3, (SELECT precio FROM Boletos WHERE num_boleto = 44) * 3),
(45, '2026-04-14', 'CLI045', 45, 2, (SELECT precio FROM Boletos WHERE num_boleto = 45) * 2),
(46, '2026-04-14', 'CLI046', 46, 1, (SELECT precio FROM Boletos WHERE num_boleto = 46) * 1),
(47, '2026-04-14', 'CLI047', 47, 4, (SELECT precio FROM Boletos WHERE num_boleto = 47) * 4),
(48, '2026-04-14', 'CLI048', 48, 3, (SELECT precio FROM Boletos WHERE num_boleto = 48) * 3),
(49, '2026-04-14', 'CLI049', 49, 2, (SELECT precio FROM Boletos WHERE num_boleto = 49) * 2),
(50, '2026-04-14', 'CLI050', 50, 1, (SELECT precio FROM Boletos WHERE num_boleto = 50) * 1),
(51, '2026-04-14', 'CLI051', 51, 3, (SELECT precio FROM Boletos WHERE num_boleto = 51) * 3),
(52, '2026-04-14', 'CLI052', 52, 2, (SELECT precio FROM Boletos WHERE num_boleto = 52) * 2),
(53, '2026-04-14', 'CLI053', 53, 1, (SELECT precio FROM Boletos WHERE num_boleto = 53) * 1),
(54, '2026-04-14', 'CLI054', 54, 4, (SELECT precio FROM Boletos WHERE num_boleto = 54) * 4),
(55, '2026-04-25', 'CLI055', 55, 3, (SELECT precio FROM Boletos WHERE num_boleto = 55) * 3),
(56, '2026-04-25', 'CLI056', 56, 2, (SELECT precio FROM Boletos WHERE num_boleto = 56) * 2),
(57, '2026-04-25', 'CLI057', 57, 1, (SELECT precio FROM Boletos WHERE num_boleto = 57) * 1),
(58, '2026-04-25', 'CLI058', 58, 3, (SELECT precio FROM Boletos WHERE num_boleto = 58) * 3),
(59, '2026-04-25', 'CLI059', 59, 2, (SELECT precio FROM Boletos WHERE num_boleto = 59) * 2),
(60, '2026-04-25', 'CLI060', 60, 1, (SELECT precio FROM Boletos WHERE num_boleto = 60) * 1),
(61, '2026-04-25', 'CLI061', 61, 2, (SELECT precio FROM Boletos WHERE num_boleto = 61) * 2),
(62, '2026-04-25', 'CLI062', 62, 1, (SELECT precio FROM Boletos WHERE num_boleto = 62) * 1),
(63, '2026-04-25', 'CLI063', 63, 4, (SELECT precio FROM Boletos WHERE num_boleto = 63) * 4),
(64, '2026-05-02', 'CLI064', 64, 3, (SELECT precio FROM Boletos WHERE num_boleto = 64) * 3),
(65, '2026-05-02', 'CLI065', 65, 2, (SELECT precio FROM Boletos WHERE num_boleto = 65) * 2),
(66, '2026-05-02', 'CLI066', 66, 1, (SELECT precio FROM Boletos WHERE num_boleto = 66) * 1),
(67, '2026-05-02', 'CLI067', 67, 3, (SELECT precio FROM Boletos WHERE num_boleto = 67) * 3),
(68, '2026-05-02', 'CLI068', 68, 2, (SELECT precio FROM Boletos WHERE num_boleto = 68) * 2),
(69, '2026-05-02', 'CLI069', 69, 1, (SELECT precio FROM Boletos WHERE num_boleto = 69) * 1),
(70, '2026-05-02', 'CLI070', 70, 4, (SELECT precio FROM Boletos WHERE num_boleto = 70) * 4),
(71, '2026-05-02', 'CLI071', 71, 3, (SELECT precio FROM Boletos WHERE num_boleto = 71) * 3),
(72, '2026-05-02', 'CLI072', 72, 2, (SELECT precio FROM Boletos WHERE num_boleto = 72) * 2),
(73, '2026-05-04', 'CLI073', 73, 1, (SELECT precio FROM Boletos WHERE num_boleto = 73) * 1),
(74, '2026-05-04', 'CLI074', 74, 3, (SELECT precio FROM Boletos WHERE num_boleto = 74) * 3),
(75, '2026-05-04', 'CLI075', 75, 2, (SELECT precio FROM Boletos WHERE num_boleto = 75) * 2),
(76, '2026-05-04', 'CLI076', 76, 1, (SELECT precio FROM Boletos WHERE num_boleto = 76) * 1),
(77, '2026-05-04', 'CLI077', 77, 4, (SELECT precio FROM Boletos WHERE num_boleto = 77) * 4),
(78, '2026-05-04', 'CLI078', 78, 3, (SELECT precio FROM Boletos WHERE num_boleto = 78) * 3),
(79, '2026-05-04', 'CLI079', 79, 2, (SELECT precio FROM Boletos WHERE num_boleto = 79) * 2),
(80, '2026-05-04', 'CLI080', 80, 1, (SELECT precio FROM Boletos WHERE num_boleto = 80) * 1),
(81, '2026-05-04', 'CLI081', 81, 3, (SELECT precio FROM Boletos WHERE num_boleto = 81) * 3),
(82, '2026-05-06', 'CLI082', 82, 2, (SELECT precio FROM Boletos WHERE num_boleto = 82) * 2),
(83, '2026-05-06', 'CLI083', 83, 1, (SELECT precio FROM Boletos WHERE num_boleto = 83) * 1),
(84, '2026-05-10', 'CLI084', 84, 4, (SELECT precio FROM Boletos WHERE num_boleto = 84) * 4),
(85, '2026-05-10', 'CLI085', 85, 3, (SELECT precio FROM Boletos WHERE num_boleto = 85) * 3),
(86, '2026-05-10', 'CLI086', 86, 2, (SELECT precio FROM Boletos WHERE num_boleto = 86) * 2),
(87, '2026-05-14', 'CLI087', 87, 1, (SELECT precio FROM Boletos WHERE num_boleto = 87) * 1),
(88, '2026-05-14', 'CLI088', 88, 3, (SELECT precio FROM Boletos WHERE num_boleto = 88) * 3),
(89, '2026-05-14', 'CLI089', 89, 2, (SELECT precio FROM Boletos WHERE num_boleto = 89) * 2),
(90, '2026-05-14', 'CLI090', 90, 1, (SELECT precio FROM Boletos WHERE num_boleto = 90) * 1),
(91, '2026-05-21', 'CLI091', 91, 3, (SELECT precio FROM Boletos WHERE num_boleto = 91) * 3),
(92, '2026-05-21', 'CLI092', 92, 2, (SELECT precio FROM Boletos WHERE num_boleto = 92) * 2),
(93, '2026-05-21', 'CLI093', 93, 1, (SELECT precio FROM Boletos WHERE num_boleto = 93) * 1),
(94, '2026-05-21', 'CLI094', 94, 4, (SELECT precio FROM Boletos WHERE num_boleto = 94) * 4),
(95, '2026-05-21', 'CLI095', 95, 3, (SELECT precio FROM Boletos WHERE num_boleto = 95) * 3),
(96, '2026-05-21', 'CLI096', 96, 2, (SELECT precio FROM Boletos WHERE num_boleto = 96) * 2),
(97, '2026-05-22', 'CLI097', 97, 1, (SELECT precio FROM Boletos WHERE num_boleto = 97) * 1),
(98, '2026-05-22', 'CLI098', 98, 3, (SELECT precio FROM Boletos WHERE num_boleto = 98) * 3),
(99, '2026-05-22', 'CLI099', 99, 2, (SELECT precio FROM Boletos WHERE num_boleto = 99) * 2),
(100, '2026-05-23', 'CLI100', 100, 1, (SELECT precio FROM Boletos WHERE num_boleto = 100) * 1);


