-- Insertar datos en la tabla PLANETAS
INSERT INTO PLANETAS (planetaID, estacion, distanciaSol, gravedad, poblacion)
VALUES 
('Mercurio', 'Estacion Alpha', 57, 3, 50),
('Venus', 'Estacion Prime', 108, 9, 200),
('Tierra', 'Estacion Central', 150, 10, 3000),
('Marte', 'Estacion Delta', 227, 4, 9000),
('Jupiter', 'Estacion Nexus', 778, 24, 4000),
('Saturno', 'Estacion Orbital', 1427, 10, 2500),
('Urano', 'Estacion Horizon', 2871, 8, 1200),
('Neptuno', 'Estacion Deep', 4497, 11, 1000);


-- Insertar 28 rutas posibles en la tabla RUTAS
INSERT INTO RUTAS (rutaID, origen, destino, distancia, duracion)
VALUES 
('R1', 'Mercurio', 'Venus', 50, 10),
('R2', 'Mercurio', 'Tierra', 100, 20),
('R3', 'Mercurio', 'Marte', 110, 25),
('R4', 'Mercurio', 'Jupiter', 700, 80),
('R5', 'Mercurio', 'Saturno', 800, 90),
('R6', 'Mercurio', 'Urano', 1200, 150),
('R7', 'Mercurio', 'Neptuno', 1000, 120),
('R8', 'Venus', 'Tierra', 40, 8),
('R9', 'Venus', 'Marte', 110, 25),
('R10', 'Venus', 'Jupiter', 700, 80),
('R11', 'Venus', 'Saturno', 800, 90),
('R12', 'Venus', 'Urano', 1200, 150),
('R13', 'Venus', 'Neptuno', 1000, 120),
('R14', 'Tierra', 'Marte', 70, 15),
('R15', 'Tierra', 'Jupiter', 700, 80),
('R16', 'Tierra', 'Saturno', 800, 90),
('R17', 'Tierra', 'Urano', 1200, 150),
('R18', 'Tierra', 'Neptuno', 1000, 120),
('R19', 'Marte', 'Jupiter', 500, 60),
('R20', 'Marte', 'Saturno', 800, 90),
('R21', 'Marte', 'Urano', 1200, 150),
('R22', 'Marte', 'Neptuno', 2000, 200),
('R23', 'Jupiter', 'Saturno', 600, 70),
('R24', 'Jupiter', 'Urano', 1200, 150),
('R25', 'Jupiter', 'Neptuno', 800, 100),
('R26', 'Saturno', 'Urano', 1000, 120),
('R27', 'Saturno', 'Neptuno', 1000, 120),
('R28', 'Urano', 'Neptuno', 800, 100);

-- Insertar naves para satisfacer las 28 rutas
INSERT INTO NAVES (naveID, modelo, capacidad, velocidadMax, rutaID)
VALUES 
('N1FW', 'FalconX Wing', 100, 2000, 'R1'),
('N2MT', 'Millennium TIE', 150, 2500, 'R2'),
('N3XB', 'X-Wing Beetle', 200, 3000, 'R3'),
('N4CC', 'Corvette Cruiser', 120, 2200, 'R4'),
('N5IT', 'Imperial Thunderbird', 80, 1800, 'R5'),
('N6SC', 'Speeder Charger', 100, 2000, 'R6'),
('N7SR', 'Star Racer', 130, 2300, 'R7'),
('N8VD', 'Voyager Dart', 90, 1900, 'R8'),
('N9GR', 'Galactic Roadster', 110, 2100, 'R9'),
('N10JC', 'Jedi Camaro', 140, 2400, 'R10'),
('N11DV', 'Darth V8', 180, 2800, 'R11'),
('N12RF', 'Rebel Falcon', 120, 2200, 'R12'),
('N13SC', 'Skywalker Cruiser', 100, 2000, 'R13'),
('N14SC', 'Dark Side Charger', 160, 2600, 'R14'),
('N15FR', 'Force Raptor', 130, 2300, 'R15'),
('N16IC', 'Imperial Corvette', 110, 2100, 'R16'),
('N17SD', 'Star Destroyer Dart', 200, 3000, 'R17'),
('N18TF', 'TIE Fighter Thunderbird', 90, 1900, 'R18'),
('N19RR', 'Rogue Roadster', 170, 2700, 'R19'),
('N20EE', 'Empire Explorer', 150, 2500, 'R20'),
('N21YM', 'Y-Wing Mustang', 120, 2200, 'R21'),
('N22GC', 'Galactic Challenger', 100, 2000, 'R22'),
('N23VV', 'Voyager Viper', 140, 2400, 'R23'),
('N24SC', 'Star Cruiser Charger', 160, 2600, 'R24'),
('N25SS', 'Skywalker Speedster', 180, 2800, 'R25'),
('N26IV', 'Imperial V8', 120, 2200, 'R26'),
('N27TR', 'TIE Fighter Raptor', 80, 1800, 'R27'),
('N28FT', 'Force Thunderbird', 100, 2000, 'R28');


-- Insertar datos para 28 choferes con naveID
INSERT INTO CHOFERES (choferID, nombre, edad, genero, nacionalidad, naveID)
VALUES 
('C1', 'Juan', 35, 'M', 'Estados Unidos', 'N1FW'),
('C2', 'Ana', 28, 'F', 'Canadá', 'N2MT'),
('C3', 'Roberto', 40, 'M', 'Australia', 'N3XB'),
('C4', 'Emilia', 32, 'F', 'Alemania', 'N4CC'),
('C5', 'David', 45, 'M', 'Francia', 'N5IT'),
('C6', 'Sofía', 27, 'F', 'Reino Unido', 'N6SC'),
('C7', 'Miguel', 38, 'M', 'Japón', 'N7SR'),
('C8', 'Olivia', 31, 'F', 'Italia', 'N8VD'),
('C9', 'Cristóbal', 42, 'M', 'Brasil', 'N9GR'),
('C10', 'Emma', 29, 'F', 'México', 'N10JC'),
('C11', 'Jaime', 36, 'M', 'China', 'N11DV'),
('C12', 'Gracia', 33, 'F', 'India', 'N12RF'),
('C13', 'Daniel', 41, 'M', 'Sudáfrica', 'N13SC'),
('C14', 'Ava', 26, 'F', 'Rusia', 'N14SC'),
('C15', 'Ryan', 39, 'M', 'España', 'N15FR'),
('C16', 'Mía', 30, 'F', 'Argentina', 'N16IC'),
('C17', 'Brandon', 43, 'M', 'Suecia', 'N17SD'),
('C18', 'Lila', 28, 'F', 'Noruega', 'N18TF'),
('C19', 'Ethan', 37, 'M', 'Países Bajos', 'N19RR'),
('C20', 'Isabella', 34, 'F', 'Nueva Zelanda', 'N20EE'),
('C21', 'Andrés', 44, 'M', 'Suiza', 'N21YM'),
('C22', 'Chloe', 31, 'F', 'Singapur', 'N22GC'),
('C23', 'Mateo', 35, 'M', 'Dinamarca', 'N23VV'),
('C24', 'Sofía', 29, 'F', 'Irlanda', 'N24SC'),
('C25', 'Nicolás', 38, 'M', 'Bélgica', 'N25SS'),
('C26', 'Amanda', 32, 'F', 'Finlandia', 'N26IV'),
('C27', 'Carter', 40, 'M', 'Portugal', 'N27TR'),
('C28', 'Hannah', 27, 'F', 'Chile', 'N28FT');


-- Insertar datos para 20 pasajeros de Estados Unidos
INSERT INTO PASAJEROS (pasajeroID, nombre, apellido, edad, genero, nacionalidad, naveID)
VALUES 
('P1', 'Emma', 'Smith', 25, 'F', 'Estados Unidos', 'N1FW'),
('P2', 'Liam', 'Johnson', 30, 'M', 'Estados Unidos', 'N2MT'),
('P3', 'Olivia', 'Davis', 22, 'F', 'Estados Unidos', 'N3XB'),
('P4', 'Noah', 'Miller', 28, 'M', 'Estados Unidos', 'N4CC'),
('P5', 'Ava', 'Wilson', 35, 'F', 'Estados Unidos', 'N5IT'),
('P6', 'Mia', 'Lee', 27, 'F', 'Estados Unidos', 'N6SC'),
('P7', 'Jackson', 'White', 32, 'M', 'Estados Unidos', 'N7SR'),
('P8', 'Sophia', 'Anderson', 23, 'F', 'Estados Unidos', 'N8VD'),
('P9', 'Liam', 'Hall', 29, 'M', 'Estados Unidos', 'N9GR'),
('P10', 'Ava', 'Turner', 26, 'F', 'Estados Unidos', 'N10JC'),
('P11', 'Jackson', 'Taylor', 31, 'M', 'Estados Unidos', 'N11DV'),
('P12', 'Sophia', 'Baker', 24, 'F', 'Estados Unidos', 'N12RF'),
('P13', 'Logan', 'Walker', 33, 'M', 'Estados Unidos', 'N13SC'),
('P14', 'Ella', 'Hill', 28, 'F', 'Estados Unidos', 'N14SC'),
('P15', 'Mason', 'Martin', 36, 'M', 'Estados Unidos', 'N15FR'),
('P16', 'Grace', 'Turner', 29, 'F', 'Estados Unidos', 'N16IC'),
('P17', 'Aiden', 'Lee', 34, 'M', 'Estados Unidos', 'N17SD'),
('P18', 'Lily', 'Allen', 27, 'F', 'Estados Unidos', 'N18TF'),
('P19', 'Carter', 'Harris', 31, 'M', 'Estados Unidos', 'N19RR'),
('P20', 'Abigail', 'Turner', 26, 'F', 'Estados Unidos', 'N20EE'),
('P21', 'Sofía', 'Hernández', 28, 'F', 'México', 'N21YM'),
('P22', 'Mateo', 'Gómez', 32, 'M', 'México', 'N22GC'),
('P23', 'Valentina', 'López', 25, 'F', 'México', 'N23VV'),
('P24', 'Diego', 'Martínez', 30, 'M', 'México', 'N24SC'),
('P25', 'Luciana', 'Pérez', 27, 'F', 'México', 'N25SS'),
('P26', 'Sebastián', 'Ramírez', 35, 'M', 'México', 'N26IV'),
('P27', 'Ximena', 'Torres', 29, 'F', 'México', 'N27TR'),
('P28', 'Juan', 'Díaz', 33, 'M', 'México', 'N28FT'),
('P29', 'Isabella', 'Vargas', 26, 'F', 'México', 'N18TF'),
('P30', 'Carlos', 'Reyes', 31, 'M', 'México', 'N7SR'),
('P31', 'Valeria', 'Sánchez', 28, 'F', 'México', 'N1FW'),
('P32', 'Miguel', 'Herrera', 30, 'M', 'México', 'N2MT'),
('P33', 'Renata', 'Flores', 22, 'F', 'México', 'N3XB'),
('P34', 'Joaquín', 'Gutiérrez', 28, 'M', 'México', 'N4CC'),
('P35', 'Camila', 'Cruz', 35, 'F', 'México', 'N5IT'),
('P36', 'Adrián', 'Mendoza', 27, 'M', 'México', 'N6SC'),
('P37', 'Daniela', 'Ortiz', 32, 'F', 'México', 'N7SR'),
('P38', 'Emiliano', 'Jiménez', 23, 'M', 'México', 'N8VD'),
('P39', 'Fernanda', 'Castro', 29, 'F', 'México', 'N9GR'),
('P40', 'Javier', 'Fernández', 26, 'M', 'México', 'N10JC'),
('P41', 'James', 'Smith', 28, 'M', 'Reino Unido', 'N11DV'),
('P42', 'Sophie', 'Johnson', 32, 'F', 'Reino Unido', 'N12RF'),
('P43', 'William', 'Davis', 25, 'M', 'Reino Unido', 'N13SC'),
('P44', 'Olivia', 'Miller', 30, 'F', 'Reino Unido', 'N14SC'),
('P45', 'George', 'Wilson', 27, 'M', 'Reino Unido', 'N15FR'),
('P46', 'Charlotte', 'Lee', 35, 'F', 'Reino Unido', 'N16IC'),
('P47', 'Harry', 'White', 29, 'M', 'Reino Unido', 'N17SD'),
('P48', 'Amelia', 'Anderson', 33, 'F', 'Reino Unido', 'N18TF'),
('P49', 'Alexander', 'Hall', 26, 'M', 'Reino Unido', 'N19RR'),
('P50', 'Sophia', 'Turner', 31, 'F', 'Reino Unido', 'N20EE'),
('P51', 'Henry', 'Taylor', 28, 'M', 'Reino Unido', 'N21YM'),
('P52', 'Ella', 'Baker', 30, 'F', 'Reino Unido', 'N22GC'),
('P53', 'Charles', 'Hill', 22, 'M', 'Reino Unido', 'N23VV'),
('P54', 'Lily', 'Martin', 28, 'F', 'Reino Unido', 'N24SC'),
('P55', 'Thomas', 'Turner', 35, 'M', 'Reino Unido', 'N25SS'),
('P56', 'Grace', 'Allen', 29, 'F', 'Reino Unido', 'N26IV'),
('P57', 'Edward', 'Turner', 34, 'M', 'Reino Unido', 'N27TR'),
('P58', 'Sophie', 'Harris', 27, 'F', 'Reino Unido', 'N28FT'),
('P59', 'Charlotte', 'Jones', 31, 'M', 'Reino Unido', 'N18TF'),
('P60', 'Arthur', 'Wright', 26, 'F', 'Reino Unido', 'N7SR'),
('P61', 'Gabriel', 'Silva', 28, 'M', 'Brasil', 'N1FW'),
('P62', 'Isabella', 'Santos', 32, 'F', 'Brasil', 'N2MT'),
('P63', 'Lucas', 'Oliveira', 25, 'M', 'Brasil', 'N3XB'),
('P64', 'Sophia', 'Costa', 30, 'F', 'Brasil', 'N4CC'),
('P65', 'Enzo', 'Pereira', 27, 'M', 'Brasil', 'N5IT'),
('P66', 'Valentina', 'Lima', 35, 'F', 'Brasil', 'N6SC'),
('P67', 'Matheus', 'Rodrigues', 29, 'M', 'Brasil', 'N7SR'),
('P68', 'Giovanna', 'Martins', 33, 'F', 'Brasil', 'N8VD'),
('P69', 'Felipe', 'Almeida', 26, 'M', 'Brasil', 'N9GR'),
('P70', 'Manuela', 'Rocha', 31, 'F', 'Brasil', 'N10JC'),
('P71', 'Lukas', 'Schmidt', 28, 'M', 'Alemania', 'N11DV'),
('P72', 'Emma', 'Müller', 32, 'F', 'Alemania', 'N12RF'),
('P73', 'Maximilian', 'Fischer', 25, 'M', 'Alemania', 'N13SC'),
('P74', 'Mia', 'Weber', 30, 'F', 'Alemania', 'N14SC'),
('P75', 'Paul', 'Wagner', 27, 'M', 'Alemania', 'N15FR'),
('P76', 'Sophie', 'Becker', 35, 'F', 'Alemania', 'N16IC'),
('P77', 'Leon', 'Schneider', 29, 'M', 'Alemania', 'N17SD'),
('P78', 'Lina', 'Hoffmann', 33, 'F', 'Alemania', 'N18TF'),
('P79', 'Finn', 'Schulz', 26, 'M', 'Alemania', 'N19RR'),
('P80', 'Amelie', 'Wagner', 31, 'F', 'Alemania', 'N20EE'),
('P81', 'Sergio', 'Martínez', 28, 'M', 'España', 'N21YM'),
('P82', 'Carmen', 'López', 32, 'F', 'España', 'N22GC'),
('P83', 'Alejandro', 'García', 25, 'M', 'España', 'N23VV'),
('P84', 'Isabel', 'Fernández', 30, 'F', 'España', 'N24SC'),
('P85', 'Juan', 'González', 27, 'M', 'España', 'N25SS'),
('P86', 'Marta', 'Rodríguez', 35, 'F', 'España', 'N26IV'),
('P87', 'David', 'Sánchez', 29, 'M', 'España', 'N27TR'),
('P88', 'Laura', 'Pérez', 33, 'F', 'España', 'N28FT'),
('P89', 'Pablo', 'Díaz', 26, 'M', 'España', 'N18TF'),
('P90', 'Ana', 'Vázquez', 31, 'F', 'España', 'N7SR'),
('P91', 'Haruto', 'Sato', 28, 'M', 'Japón', 'N1FW'),
('P92', 'Aoi', 'Takahashi', 32, 'F', 'Japón', 'N2MT'),
('P93', 'Yuki', 'Suzuki', 25, 'M', 'Japón', 'N3XB'),
('P94', 'Mio', 'Tanaka', 30, 'F', 'Japón', 'N4CC'),
('P95', 'Kaito', 'Ito', 27, 'M', 'Japón', 'N5IT'),
('P96', 'Ivan', 'Ivanov', 28, 'M', 'Rusia', 'N6SC'),
('P97', 'Ekaterina', 'Smirnova', 32, 'F', 'Rusia', 'N7SR'),
('P98', 'Dmitri', 'Petrov', 25, 'M', 'Rusia', 'N8VD'),
('P99', 'Svetlana', 'Kuznetsova', 30, 'F', 'Rusia', 'N9GR'),
('P100', 'Alexei', 'Orlov', 27, 'M', 'Rusia', 'N10JC');